temp,feelslike,dew,humidity,precip,precipprob,snow,snowdepth,windgust,windspeed,winddir,sealevelpressure,cloudcover,visibility,solarradiation,solarenergy,uvindex,severerisk
24,24,23,94.15,0,0,0,0,29.9,12.1,120,1011.5,100,6,0,0,0,10
24.3,24.3,22.9,91.7,0,0,0,0,26.3,3.5,111,1011.2,96.3,8.3,0,0,0,10
24,24,23,94.15,0,0,0,0,23.4,10.3,90,1011,89,5.5,0,0,0,10
24,24,23,94.15,0,0,0,0,19.8,8.5,85,1011,89,5.5,0,0,0,10
24,24,22.9,93.47,0,0,0,0,16.6,4.6,118,1011.7,96,8.1,0,0,0,10
23.5,23.5,23,97.03,0,0,0,0,14.4,7.6,70,1012,89,4,0,0,0,10
23,23,23,100,0,0,0,0,15.1,6.5,65,1012.5,89,3.5,0,0,0,10
24,24,22.9,93.47,0,0,0,0,16.9,4.3,113,1013.2,96.1,3.5,11,0,0,10
24.5,24.5,23,91.36,0,0,0,0,16.9,6.5,110,1014.5,94,6,101,0.4,1,10
25.5,25.5,23,86.07,0,0,0,0,17.3,7.6,135,1015,89,8,220,0.8,2,10
26.2,26.2,22.9,82.02,0,0,0,0,13.7,5.7,135,1015.1,96.2,9.7,340,1.2,3,5
27,29.6,23,78.78,0,0,0,0,14,11.2,105,1014.5,89,7,364,1.3,4,3
27,29.2,22,74.14,0.1,100,0,0,14.8,10.3,120,1014,89,8,207,0.7,2,3
26.9,29.2,22.3,75.87,0,0,0,0,17.6,5.7,105,1013.2,95.9,9.9,137,0.5,1,10
27,29.4,22.5,76.43,0,0,0,0,19.8,12.1,130,1012.5,89,10,103,0.4,1,3
27,29.6,23,78.78,0,0,0,0,21.6,13.9,120,1012,89,7.5,73,0.3,1,3
26.7,29,22.6,78.18,0,0,0,0,22.3,9.5,128,1012.2,98.3,9.1,58,0.2,1,10
25,25,23,88.68,0,0,0,0,22.7,13,85,1012.5,89,5,24,0.1,0,10
24.5,24.5,23,91.37,0,0,0,0,25.6,10.3,95,1013,89,5.5,1,0,0,3
24.9,24.9,23,89.59,0,0,0,0,26.3,7.1,98,1013.8,95.2,8.8,0,0,0,3
24,24,23,94.15,0,0,0,0,25.9,13.9,115,1014,89,6.5,0,0,0,10
24,24,22,88.6,0,0,0,0,24.5,13.9,115,1014,89,9,0,0,0,3
24.1,24.1,22.6,91.15,0,0,0,0,23,5.3,93,1014.3,89.7,9.7,0,0,0,3
24,24,22,88.6,0,0,0,0,22.3,5.4,75,1014,94,7.5,0,0,0,3
23.5,23.5,22,91.31,0.1,100,0,0,19.8,7.6,80,1014,69,7,0,0,0,3
23.7,23.7,22.6,93.37,0,0,0,0,15.8,4.4,119,1013.9,89.8,8.9,0,0,0,10
23,23,22,94.11,0,0,0,0,13.7,6.5,90,1013,89,5,0,0,0,10
23,23,22,94.11,0.1,100,0,0,13.3,6.5,70,1013,94,5,0,0,0,10
23.6,23.6,22.7,94.87,0,0,0,0,13.3,2.2,60,1013.5,100,8.3,0,0,0,10
23,23,22.5,97.02,0.1,100,0,0,11.9,6.5,75,1014,89,5,0,0,0,10
23,23,22,94.11,0.1,100,0,0,12.2,6.5,90,1014.5,95,4.5,0,0,0,10
23.9,23.9,22.4,91.5,0,0,0,0,11.9,4.6,96,1015.4,98.1,4.1,2,0,0,10
24,24,22.5,91.34,0,0,0,0,12.6,6.5,80,1016,94,4,23,0.1,0,10
24.5,24.5,23,91.36,0,0,0,0,13.7,9.4,85,1017,100,4,51,0.2,1,10
25.2,25.2,22.9,86.98,0,0,0,0,15.5,3.3,80,1017.2,98.1,7.9,80,0.3,1,10
26,26,23,83.57,0.1,100,0,0,18.7,7.4,85,1016.5,89,4.5,101,0.4,1,10
27,29.6,23,78.78,0.1,100,0,0,19.1,2.7,147.4,1015.5,89,5,150,0.5,2,10
26.8,29.2,22.6,77.82,0,0,0,0,19.1,1.1,140,1014.8,89.6,9.4,127,0.5,1,10
26,26,23,83.57,0,0,0,0,21.2,17.5,115,1014,69,7,110,0.4,1,10
26,26,23,83.57,0,0,0,0,23.8,14.8,120,1014,89,9,82,0.3,1,10
26.4,26.4,22.9,81.34,0,0,0,0,24.5,8.8,134,1014,83.1,9.8,56,0.2,1,10
25.5,25.5,23,86.09,0,0,0,0,22.7,12.1,115,1014,89,10,27,0.1,0,10
25,25,23,88.68,0,0,0,0,22.7,13,120,1015,88,10,1,0,0,10
24.8,24.8,22.2,85.47,0,0,0,0,27.4,6.7,129,1015.1,69,9.8,0,0,0,10
24.5,24.5,22,85.99,0,0,0,0,28.8,13.9,130,1015.5,89.3,10,0,0,0,10
24,24,22,88.6,0,0,0,0,28.8,14.8,130,1016,25,9,0,0,0,10
23.4,23.4,22.1,92.72,0,0,0,0,24.8,7.9,133,1016.2,40.3,9.1,0,0,0,10
22,22,21,94.06,0,0,0,0,21.2,6.5,95,1016,27.5,5,0,0,0,10
22.5,22.5,21.5,94.08,0,0,0,0,19.4,8.5,115,1016,30,4.5,0,0,0,10
22.7,22.7,21.6,93.04,0,0,0,0,21.2,2.9,140,1015.9,42.5,7.8,0,0,0,10
23,23,22,94.11,0,0,0,0,17.3,6.5,130,1016,94,5.5,0,0,0,10
23,23,22,94.11,0,0,0,0,15.5,6.5,110,1015.5,100,4.5,0,0,0,10
23,23,22,94.16,0,0,0,0,21.2,7.5,91,1015,88.6,4.7,0,0,0,10
23,23,22,94.11,0.1,100,0,0,23.8,9.4,110,1015.5,89,4.5,0,0,0,10
23,23,22,94.11,0.2,100,0,0,27.7,8.5,115,1016,89,4.5,0,0,0,10
22.5,22.5,21.4,94.01,0,0,0,0,25.6,2.9,139,1017,95.6,7.8,4,0,0,10
24,24,22,88.6,0,0,0,0,28.4,8.5,135,1018,89,4,62,0.2,1,10
24.5,24.5,22,85.98,0.2,100,0,0,27,13,140,1018.5,89,5,113,0.4,1,10
25.4,25.4,22,81.46,0,0,0,0,24.1,9.3,163,1019,89.2,8.9,359,1.3,4,10
26.5,26.5,21,71.81,0.1,100,0,0,21.6,13,160,1018.5,89,8,528,1.9,5,10
27,28.8,21,69.74,0,0,0,0,22,16.6,145,1017,70,10,577,2.1,6,10
27.4,29.3,20.9,67.69,0,0,0,0,21.6,7.7,150,1016.1,88.8,10.3,694,2.5,7,10
28,29.9,20.5,63.77,0,0,0,0,20.5,14.8,150,1015,89,10,421,1.5,4,10
28,30.1,21,65.77,0,0,0,0,20.2,12.1,155,1015,70,10,238,0.9,2,10
27.6,29.2,20.1,63.86,0,0,0,0,20.9,8.9,146,1015,88.6,10.2,108,0.4,1,10
26.5,26.5,20.5,69.65,0,0,0,0,24.1,16.6,130,1015,71.2,10,37,0.1,0,10
25.5,25.5,21,76.2,0,0,0,0,28.8,15.7,130,1015.5,0,9,1,0,0,10
24.7,24.7,21.9,84.29,0,0,0,0,30.6,8.5,149,1016.3,30.6,9,0,0,0,10
24,24,22,88.6,0,0,0,0,28.4,13.9,135,1016.5,0,5.5,0,0,0,10
23.5,23.5,22,91.31,0,0,0,0,26.3,16.6,135,1017,30,5,0,0,0,10
23.9,23.9,22,89.35,0,0,0,0,24.8,9.2,141,1017.2,97.6,8.3,0,0,0,10
23,23,21,88.52,0,0,0,0,20.9,11.2,140,1017,89,5,0,0,0,10
23.5,23.5,22,91.31,0.1,100,0,0,17.3,9.4,125,1017,89,5,0,0,0,10
22.9,22.9,21.3,90.88,0,0,0,0,16.6,5.8,129,1016.6,58.6,8.1,0,0,0,10
22,22,21,94.06,0,0,0,0,16.6,11.2,100,1016,12.5,3,0,0,0,10
22,22,21,94.06,0,0,0,0,7.2,10.3,95,1016,27.5,3,0,0,0,10
21.1,21.1,21,99.73,0,0,0,0,4.7,9.1,96,1016,36.3,2.8,0,0,0,10
21.5,21.5,21,96.99,0,0,0,0,4,8.5,95,1016,58.9,3,0,0,0,10
21,21,20.5,96.98,0,0,0,0,4.7,6.5,65,1016,50,1.5,0,0,0,10
22.6,22.6,21.4,93.26,0,0,0,0,8.3,4.4,121,1016.9,83.8,6.8,9,0,0,10
23,23,22,94.11,0,0,0,0,14.8,7.4,95,1017,94,2,136,0.5,1,10
24,24,22,88.6,0,0,0,0,20.2,7.4,80,1018,89,3,357,1.3,4,10
25.9,25.9,22,79.12,0,0,0,0,20.9,5.9,143,1017.6,82.6,7.9,533,1.9,5,10
27.5,29.9,22,71.99,0,0,0,0,23.8,7.4,169.9,1016.5,89,7,657,2.4,7,10
28.5,30.7,21,63.88,0,0,0,0,25.2,12.1,170,1015.5,89,10,715,2.6,7,10
29.7,32,20.8,58.89,0,0,0,0,25.6,12.2,151,1014.4,69.8,10.4,567,2,6,10
30,32.6,21,58.58,0,0,0,0,25.6,13.9,145,1013.5,69,10,238,0.9,2,10
29.5,32,21,60.3,0,0,0,0,24.8,17.5,150,1013,50,10,168,0.6,2,3
29,31.3,20.9,61.7,0,0,0,0,25.2,10.4,142,1013,30.2,10.2,140,0.5,1,3
27.5,29.5,21,67.72,0,0,0,0,28.8,17.5,135,1013.5,25,10,59,0.2,1,3
26.5,26.5,21,71.82,0,0,0,0,32.4,15.7,135,1014,16.1,10,2,0,0,5
25.6,25.6,21.5,77.97,0,0,0,0,35.3,10.1,159,1014.7,10,10.2,0,0,0,10
25,25,22,83.45,0,0,0,0,35.6,15.7,130,1015,25,10,0,0,0,10
24,24,22,88.6,0,0,0,0,36,13.9,120,1016,0,9.5,0,0,0,10
23.9,23.9,22.1,89.58,0,0,0,0,31.3,9.1,133,1016.1,0,9.1,0,0,0,10
23,23,22,94.11,0,0,0,0,28.4,10.3,110,1016,70,5.5,0,0,0,10
23.5,23.5,23,97.02,0,0,0,0,27,10.3,105,1016,89,5,0,0,0,10
23.4,23.4,21.8,90.63,0,0,0,0,25.6,6.9,130,1015.6,51.4,8.6,0,0,0,10
22.5,22.5,22,97.01,0,0,0,0,23,9.4,105,1015,50,5.5,0,0,0,10
22.5,22.5,22,97,0,0,0,0,16.6,8.5,90,1015,89,4.5,0,0,0,10
22.9,22.9,21.7,93.03,0,0,0,0,18.4,5.5,128,1014.5,89.5,8.3,0,0,0,10
23,23,22,94.11,0,0,0,0,13.3,7.6,80,1014,100,5,0,0,0,10
23,23,22,94.11,0,0,0,0,8.3,6.5,80,1015,95,4.5,0,0,0,10
23.2,23.2,22,92.7,0,0,0,0,7.9,3.3,116,1015.3,95.8,3.5,12,0,0,10
24,24,23,94.15,0,0,0,0,8.6,9.4,115,1016,89,4.5,156,0.6,2,10
24,24,22.5,91.33,0,0,0,0,9.7,7.4,115,1016,89,4.5,353,1.3,4,10
25.4,25.4,22.6,84.53,0,0,0,0,11.9,6.3,147,1016.1,89.7,8.4,465,1.7,5,10
26,26,22.5,81.06,0.1,100,0,0,13,4.5,150,1015.5,89,6.5,388,1.4,4,10
27,29.2,22,74.14,0,0,0,0,15.1,6.5,170,1014,89,8.5,279,1,3,10
28.2,30.6,21.3,66.11,0,0,0,0,13.7,6.8,176,1012.8,83.3,10.4,210,0.8,2,3
28.5,31.3,22,67.92,0,0,0,0,14.8,6.5,360,1012,69,9.5,156,0.6,2,3
28.5,31.3,22,67.91,0,0,0,0,16.9,4.5,139.9,1011.5,50,10,115,0.4,1,3
29.1,31.2,20.6,60.52,0,0,0,0,22.7,7.3,152,1011.2,20.7,10.2,148,0.5,1,10
28,30.7,22,69.92,0,0,0,0,28.8,13,125,1011.5,57.6,10,105,0.4,1,3
26.5,26.5,22.5,78.72,0,0,0,0,31,14.8,120,1012,24.9,9,2,0,0,3
25.7,25.7,22.4,81.87,0,0,0,0,31.7,9.1,157,1012.4,16.6,9.5,0,0,0,5
24.5,24.5,23,91.37,0,0,0,0,30.2,13.9,115,1013,0,8,0,0,0,5
24,24,23,94.15,0,0,0,0,26.3,14.8,105,1013,50,7,0,0,0,5
24.3,24.3,22.4,89,0,0,0,0,24.1,9.4,152,1013.9,44.1,9.3,0,0,0,10
24,24,22,88.6,0,0,0,0,23.4,11.2,65,1014.5,100,9.5,0,0,0,10
24,24,22,88.6,0,0,0,0,22.7,10.3,85,1015,100,8.5,0,0,0,3
23.9,23.9,22.1,89.92,0,0,0,0,17.3,8.1,89,1014.9,99.6,9.4,0,0,0,3
24,24,22,88.6,0,0,0,0,15.8,9.4,110,1015,89,6,0,0,0,3
24,24,22,88.6,0,0,0,0,14,3.6,141.7,1015,89,6.5,0,0,0,3
23.7,23.7,22.4,92.32,0,0,0,0,11.2,1.4,76,1014.9,85.8,9,0,0,0,3
23,23,22,94.11,0,0,0,0,10.1,5.4,60,1015,70,7,0,0,0,10
23,23,22,94.11,0,0,0,0,9.7,5.4,60,1016,69,5.5,0,0,0,10
23.6,23.6,22.1,91.61,0.005,100,0,0,13.3,4.3,148,1016.9,91.3,8,8,0,0,10
23.5,23.5,22,91.3,0,0,0,0,30.2,6.5,65,1018,89,6,101,0.4,1,10
23.5,23.5,22.5,94.13,0,0,0,0,53.6,10.3,105,1018.5,70,4,30,0.1,0,10
23.9,23.9,20.8,83.15,0,0,0,0,54.7,9.7,56,1019.1,89.7,9.8,32,0.1,0,10
19.5,19.5,15.5,77.68,0,0,0,0,45,31.7,40,1020,69,10,36,0.1,0,10
20,20,14,68.37,0,0,0,0,42.1,33.5,50,1019,88,10,31,0.1,0,10
19.6,19.6,11.7,60.3,0,0,0,0,41.8,21.5,38,1018.4,96.1,10.2,30,0.1,0,10
18.5,18.5,11,61.66,0,0,0,0,40,27,35,1018,100,10,50,0.2,1,10
17.5,17.5,10.5,63.51,0,0,0,0,40,26.8,35,1019,100,10,23,0.1,0,10
17.8,17.8,9.5,58.27,0,0,0,0,40.7,13.7,45,1019.6,100,10,9,0,0,10
15.5,15.5,10.5,72.14,0,0,0,0,37.1,19.4,35,1021,100,10,6,0,0,10
15,15,10.5,74.47,0,0,0,0,38.5,20.5,35,1021.5,100,10,0,0,0,10
16,16,8.8,62.57,0.067,100,0,0,37.1,13.2,47,1022.2,100,10.2,0,0,0,10
15,15,9,67.36,0,0,0,0,36.4,17.5,50,1023,100,10,0,0,0,10
15,15,8,62.95,0,0,0,0,36,17.5,50,1024,100,10,0,0,0,10
14.4,14.4,8.9,69.59,0,0,0,0,36,7.2,56,1024.2,100,10,0,0,0,10
14,14,8,67.15,0,0,0,0,37.1,13.9,50,1024,100,10,0,0,0,10
14,14,8,67.15,0,0,0,0,37.4,16.6,45,1024.5,100,10,0,0,0,10
13.7,13.7,7.7,67.45,0.002,100,0,0,34.6,13,46,1024.7,100,10.2,0,0,0,10
13,13,8.5,74.13,0,0,0,0,34.2,17.5,50,1025,100,10,0,0,0,10
13,13,8,71.66,0,0,0,0,34.6,14.8,35,1025,100,10,0,0,0,10
13,13,8.1,72.08,0,0,0,0,33.5,14.7,42,1025.1,100,9.9,0,0,0,10
13,13,8,71.66,0,0,0,0,31.7,16.6,40,1025.5,100,10,0,0,0,10
13,13,7.5,69.27,0,0,0,0,31.3,13,40,1026,100,10,0,0,0,10
12.7,12.7,7.9,72.36,0,0,0,0,29.5,11.8,44,1026.9,100,10.2,1,0,0,10
13,13,7,66.93,0,0,0,0,27.7,13,40,1027.5,100,10,13,0,0,10
13,13,7.5,69.26,0,0,0,0,24.5,15.7,35,1028,100,10,36,0.1,0,10
14,14,7.1,63.25,0,0,0,0,21.2,10.4,10,1027.6,100,10,73,0.3,1,10
15,15,7,58.79,0,0,0,0,17.3,14.8,30,1026.5,100,10,108,0.4,1,10
15,15,7,58.79,0,0,0,0,15.1,13.9,20,1025,100,10,132,0.5,1,10
15.8,15.8,6.8,55.09,0,0,0,0,14.4,7.6,42,1024,99.8,10.4,135,0.5,1,10
15,15,7.5,60.83,0,0,0,0,12.6,14.8,10,1023,100,10,166,0.6,2,10
16,16,8,59.04,0,0,0,0,11.5,14.8,10,1022,94.6,10,154,0.6,2,10
15.7,15.7,7.5,57.91,0,0,0,0,11.2,8.6,347,1022.1,96,10,125,0.5,1,10
14.5,14.5,8,65.01,0,0,0,0,9.4,11.2,50,1022,95,10,70,0.3,1,10
14,14,8,67.15,0,0,0,0,8.6,14.8,80,1022.5,88,10,2,0,0,10
14.2,14.2,7.8,65.47,0,0,0,0,7.9,9.2,359,1022.9,99.8,10.2,0,0,0,10
13,13,8,71.66,0,0,0,0,6.5,10.3,70,1023,100,10,0,0,0,10
13,13,8,71.66,0,0,0,0,4.3,11.2,70,1023,94,10,0,0,0,10
13.9,13.9,7.7,66.52,0,0,0,0,5,6.2,357,1023,100,10,0,0,0,10
13,13,8,71.66,0,0,0,0,5.8,11.2,65,1023,100,10,0,0,0,10
13,13,8,71.66,0,0,0,0,3.2,11.2,55,1023,100,10,0,0,0,10
13.5,13.5,8.1,69.81,0,0,0,0,1.8,6.6,359,1022.2,100,10.2,0,0,0,10
13,13,8,71.66,0,0,0,0,1.8,12.1,55,1022,100,10,0,0,0,10
13,13,8,71.65,0,0,0,0,2.2,11.2,60,1022,100,10,0,0,0,10
13.7,13.7,8.5,70.88,0,0,0,0,2.5,3.4,42,1021.9,100,10,0,0,0,10
13,13,9,76.68,0,0,0,0,2.9,10.3,45,1022,100,10,0,0,0,10
13,13,9,76.68,0,0,0,0,2.5,9.4,40,1022.5,95,10,0,0,0,10
13.7,13.7,8.9,73.17,0,0,0,0,1.8,3.4,31,1023.2,100,10.2,3,0,0,10
14,14,10,76.84,0,0,0,0,2.5,10.3,20,1024,100,10,37,0.1,0,10
15,15,10,72.03,0,0,0,0,1.4,7.6,35,1024,100,10,94,0.3,1,10
15.5,15.5,10.1,70.4,0,0,0,0,1.8,4.1,225,1024.2,100,10,180,0.6,2,10
15.5,15.5,10,69.75,0,0,0,0,2.5,6.5,25,1023.5,100,10,274,1,3,10
16,16,11,72.22,0,0,0,0,4.7,5.4,360,1022,100,10,624,2.2,6,10
16.9,16.9,11.1,68.49,0,0,0,0,5,4.9,359,1020.8,100,9.7,713,2.6,7,10
16,16,11,72.22,0,0,0,0,5.8,8.5,350,1020,100,8,637,2.3,6,10
17,17,12,72.4,0,0,0,0,6.8,11.2,10,1019.5,100,7,500,1.8,5,10
17.4,17.4,11.6,68.85,0,0,0,0,6.8,5.7,346,1019.5,100,9.1,313,1.1,3,10
16,16,12,77.16,0,0,0,0,8.3,7.4,20,1020,95,7.5,104,0.4,1,10
16,16,12,77.16,0,0,0,0,10.8,6.5,10,1020.5,100,8,2,0,0,10
15.9,15.9,11.7,76.2,0,0,0,0,9,3.1,30,1021,98.3,10,0,0,0,10
16,16,12,77.16,0,0,0,0,7.9,9.4,20,1021,94,10,0,0,0,10
15.5,15.5,12,79.67,0,0,0,0,6.1,10.3,45,1022,95,10,0,0,0,10
15.9,15.9,12,77.96,0,0,0,0,5.4,8.9,345,1021.8,97.9,10,0,0,0,10
15,15,11.5,79.6,0,0,0,0,5.8,12.1,35,1022,100,10,0,0,0,10
13.5,13.5,12,90.65,0,0,0,0,6.1,13.9,25,1022,100,7.5,0,0,0,10
14.1,14.1,11.9,86.8,0,0,0,0,7.2,6.4,349,1021.9,99.8,8.3,0,0,0,10
13,13,12,93.65,0,0,0,0,8.6,13.9,45,1022,100,6,0,0,0,10
12,12,12,100,0,0,0,0,9.7,15.7,50,1022,89,8,0,0,0,10
12.7,12.7,11.7,93.98,0,0,0,0,10.8,5.9,42,1021.8,97.9,6,0,0,0,10
12,12,11,93.6,0,0,0,0,12.2,13,30,1022,100,8,0,0,0,10
12,12,11,93.6,0,0,0,0,12.6,15.7,25,1022.5,100,8,0,0,0,10
12.2,12.2,11.4,94.36,0.005,100,0,0,15.8,10.6,11,1023.4,97.8,6.1,2,0,0,10
12,12,10.5,90.53,0,0,0,0,17.3,17.5,30,1024.5,100,10,17,0.1,0,10
13,13,10,82.01,0,0,0,0,18.4,16.6,25,1025,100,10,36,0.1,0,10
13.5,13.5,9.9,78.84,0,0,0,0,19.8,11.5,343,1025.2,100,10,61,0.2,1,10
15,15,9,67.36,0,0,0,0,20.2,17.5,20,1024.5,100,10,98,0.4,1,10
15,15,8.5,65.11,0,0,0,0,20.9,20.3,10,1023.5,100,10,138,0.5,1,10
15.4,15.4,8.2,62.25,0,0,0,0,21.2,11.5,345,1022.5,100,10.2,185,0.7,2,10
15,15,8.5,65.11,0,0,0,0,23,18.4,40,1022,100,10,199,0.7,2,10
15,15,8.5,65.11,0,0,0,0,24.5,21.4,30,1022,100,10,122,0.4,1,10
15.3,15.3,7.7,60.75,0,0,0,0,25.2,10.4,337,1021.7,100,10,57,0.2,1,10
14,14,9,71.85,0,0,0,0,26.3,14.8,30,1022.5,88,10,19,0.1,0,10
13.5,13.5,8,69.37,0,0,0,0,27,13,45,1023,94,10,1,0,0,10
14,14,7.1,63.15,0,0,0,0,27,8.4,46,1023.3,99.8,10.2,0,0,0,10
14,14,8,67.15,0,0,0,0,24.5,13.9,25,1024,100,10,0,0,0,10
14,14,8,67.15,0,0,0,0,24.5,16.6,25,1024,100,10,0,0,0,10
14,14,6.8,61.87,0,0,0,0,24.5,7.5,340,1024.2,100,10,0,0,0,10
13.5,13.5,8,69.37,0,0,0,0,26.3,16.6,20,1024,100,10,0,0,0,10
13,13,8,71.66,0,0,0,0,24.8,15.7,15,1025,100,10,0,0,0,10
12.9,12.9,7.6,70.08,0,0,0,0,27.7,8.9,41,1024.6,100,10.2,0,0,0,10
12,12,8,76.52,0,0,0,0,30.6,19.4,20,1024,100,10,0,0,0,10
12.5,12.5,8,74.04,0,0,0,0,32.4,14.8,25,1024,100,10,0,0,0,10
12.8,12.8,7.8,71.56,0,0,0,0,34.2,10.6,338,1024.3,99.8,10,0,0,0,10
13,13,6,62.48,0.1,100,0,0,38.5,17.5,25,1025,100,10,0,0,0,10
13,13,5.5,60.36,0,0,0,0,41.8,18.4,15,1026,100,10,0,0,0,10
13.1,13.1,5.5,59.92,0,0,0,0,41.8,13.3,35,1026.8,100,10.2,1,0,0,10
14,14,6,58.55,0,0,0,0,42.1,16.6,5,1028,100,10,14,0.1,0,10
14,14,6,58.55,0,0,0,0,41.4,18.5,360,1028,100,10,29,0.1,0,10
15,15,5,51.13,0,0,0,0,37.8,12.9,32,1028.1,90,10,46,0.2,0,10
16,16,7,55.14,0,0,0,0,35.3,15.7,345,1027,100,10,73,0.3,1,10
16.5,16.5,6.5,51.61,0,0,0,0,31,16.6,340,1025.5,100,10,83,0.3,1,10
16.4,16.4,8.3,58.9,0,0,0,0,24.1,12.4,319,1024.7,85.7,10.4,61,0.2,1,10
18,18,7,48.58,0,0,0,0,20.5,11.2,10,1023.5,27.5,10,81,0.3,1,10
18,18,8,52.01,0,0,0,0,19.8,13,355,1023,50,10,94,0.3,1,10
17.5,17.5,7.4,51.81,0,0,0,0,20.9,5,346,1023.1,82.3,10.2,99,0.4,1,10
17,17,8,55.4,0,0,0,0,17.6,12.1,330,1023.5,84.3,10,50,0.2,1,10
16.5,16.5,8.5,59.17,0,0,0,0,16.2,7.6,340,1024,100,10,2,0,0,10
15.9,15.9,8.9,63.28,0,0,0,0,11.5,4.2,333,1024.4,97.6,10.2,0,0,0,10
16,16,9,63.17,0,0,0,0,9.7,6.5,355,1025,100,10,0,0,0,10
16,16,8,59.04,0,0,0,0,6.8,6.5,25,1025.5,100,10,0,0,0,10
15.8,15.8,9.2,64.89,0,0,0,0,6.1,3.2,35,1025.9,100,10,0,0,0,10
15,15,7.5,60.83,0,0,0,0,7.9,9.4,35,1026,100,10,0,0,0,10
15,15,6.5,56.81,0,0,0,0,11.9,10.3,25,1026,100,10,0,0,0,10
15.3,15.3,5.7,52.46,0,0,0,0,23.4,8.2,338,1025.7,99.7,10.2,0,0,0,10
14,14,5.5,56.55,0,0,0,0,29.9,11.2,15,1025,100,10,0,0,0,10
14,14,5,54.62,0,0,0,0,35.6,12.1,10,1025,99.9,10,0,0,0,10
14.4,14.4,3.8,49.01,0,0,0,0,35.6,12.7,338,1025.1,99.8,10,0,0,0,10
14,14,3,47.47,0,0,0,0,37.8,16.6,20,1025.5,100,10,0,0,0,10
14,14,3,47.47,0,0,0,0,41,14.8,10,1026.5,100,10,0,0,0,10
13.9,13.9,2.8,47.03,0,0,0,0,41,10.8,338,1027.3,99.4,10.2,3,0,0,10
14,14,2.5,45.81,0,0,0,0,40,13.9,10,1028.5,71.9,10,68,0.2,1,10
15,15,2,41.45,0,0,0,0,36,19.4,15,1029,46.9,10,265,1,3,10
15.6,15.6,1.8,39.27,0,0,0,0,31.3,13.1,337,1029.1,99.8,10,522,1.9,5,10
16,16,2.5,40.28,0,0,0,0,28.4,13,5,1028.5,75.7,10,680,2.4,7,10
16.5,16.5,2.5,39.02,0,0,0,0,27.4,13.9,355,1026.5,5.7,10,743,2.7,7,10
17.2,17.2,1.8,35.41,0,0,0,0,25.2,10.9,338,1026.1,100,10.2,740,2.7,7,10
17,17,3,39.17,0,0,0,0,24.8,14.8,345,1025,86.2,10,655,2.4,7,10
17,17,3,39.17,0,0,0,0,23.4,13,335,1025,51.3,10,517,1.9,5,10
23.1,23.1,2.1,25.22,0,0,0,0,23.4,6,322,1025,100,10,334,1.2,3,10
15.5,15.5,5.5,51.35,0,0,0,0,24.8,6.5,305,1025.5,86.8,10,109,0.4,1,10
14,14,7,62.72,0,0,0,0,31.7,4.5,330,1026.5,0,6.5,3,0,0,10
13.1,13.1,6.7,65.18,0,0,0,0,23.8,1.1,51,1027.5,2.5,9.2,0,0,0,10
12.5,12.5,7,69.17,0,0,0,0,23,4.5,70,1029,0,6.5,0,0,0,10
13.5,13.5,6,60.48,0,0,0,0,27,8.5,65,1030,0,8.5,0,0,0,10
14.4,14.4,3.7,48.55,0,0,0,0,25.2,2.7,60,1030.3,90,10,0,0,0,10
13.5,13.5,4,52.61,0,0,0,0,26.6,13,75,1031,100,10,0,0,0,10
13,13,1.5,45.53,0,0,0,0,29.5,16.6,80,1031,100,10,0,0,0,10
13.7,13.7,1.2,42.6,0,0,0,0,37.1,9.5,1,1031,90.2,10.2,0,0,0,10
12.5,12.5,1.5,47.05,0,0,0,0,40.7,15.7,65,1031,100,10,0,0,0,10
12,12,0,43.64,0,0,0,0,42.1,17.5,55,1031,100,10,0,0,0,10
12.1,12.1,0.9,46.43,0,0,0,0,41.8,9.8,350,1030.7,100,10,0,0,0,10
11,11,1,50.11,0,0,0,0,43.6,12.1,40,1031,99.5,10,0,0,0,10
11,11,1.5,51.95,0,0,0,0,43.6,8.5,45,1032,88.6,10,0,0,0,10
11.5,11.5,-0.2,44.31,0,0,0,0,42.1,10.5,356,1032.4,99.5,10.2,6,0,0,10
11,11,0,46.62,0,0,0,0,41,11.2,70,1033,91.6,10,87,0.3,1,10
12,12,0.5,45.25,0,0,0,0,35.3,11.2,75,1034,60,10,214,0.8,2,10
13.8,13.8,-1.1,36,0,0,0,0,31,6.7,56,1033.8,30,10.2,481,1.7,5,10
15,15,0,35.88,0,0,0,0,27.4,11.2,70,1033,4.8,10,686,2.5,7,10
15,15,-0.5,34.61,0,0,0,0,24.5,7.6,10,1030.5,33.6,10,751,2.7,8,10
16,16,-2,29.12,0,0,0,0,24.1,9,37,1029.7,30,10.4,745,2.7,7,10
16.5,16.5,-1,30.32,0,0,0,0,22,14.8,25,1028.5,74.8,10,670,2.4,7,10
17,17,-1,29.37,0,0,0,0,20.5,13.9,15,1028,19,10,528,1.9,5,10
16.9,16.9,-2,27.47,0,0,0,0,19.4,7.5,343,1027.4,99.9,10.2,341,1.2,3,10
15.5,15.5,1,37.37,0,0,0,0,19.1,8.5,25,1027.5,65.4,10,125,0.5,1,10
14,14,3,47.47,0,0,0,0,24.5,5.4,55,1028,19,10,4,0,0,10
13,13,2.1,47.8,0,0,0,0,26.3,5.8,322,1028.5,0,9.9,0,0,0,10
12,12,3.5,56.04,0,0,0,0,25.9,7.6,80,1029.5,21.6,9,0,0,0,10
11,11,2.5,55.78,0,0,0,0,25.2,8.5,80,1030.5,5,10,0,0,0,10
10.8,10.8,2.6,56.93,0,0,0,0,20.2,9.1,359,1031.4,5,10,0,0,0,10
10.5,10.5,2,55.66,0,0,0,0,19.4,10.3,70,1032,4.1,10,0,0,0,10
10,10,2.5,59.63,0,0,0,0,23.8,8.5,40,1032,5,10,0,0,0,10
11.2,11.2,0.8,48.62,0,0,0,0,28.1,5.2,73,1032,30,10.2,0,0,0,10
10,10,2,57.54,0,0,0,0,33.5,6.5,45,1032,5,10,0,0,0,10
9.5,9.5,2,59.51,0,0,0,0,38.9,4.5,20,1032,25.5,10,0,0,0,10
10.6,10.6,0.6,50.27,0,0,0,0,38.2,4.5,39,1031.7,26.8,10,0,0,0,10
9,9,2,61.54,0,0,0,0,36.7,4.7,30,1032,9.7,10,0,0,0,10
8,8,2.5,68.23,0,0,0,0,29.5,2.7,90,1032.5,0,9,0,0,0,10
9,9,2,61.46,0,0,0,0,25.6,3.6,353,1033.1,18.6,10.2,10,0,0,10
12.5,12.5,1.5,47.04,0,0,0,0,24.1,5.6,5,1034,5,10,157,0.6,2,10
14,14,0,38.29,0,0,0,0,24.5,14.8,5,1034,5,10,368,1.3,4,10
15.4,15.4,-1.9,30.54,0,0,0,0,24.1,12.1,336,1033.3,90,10,550,2,6,10
16.5,16.5,0,32.61,0,0,0,0,22.7,13,15,1031.5,5,10,680,2.4,7,10
18,18,1,31.88,0,0,0,0,35.3,13.9,15,1029.5,5,10,745,2.7,7,10
18.1,18.1,-0.6,28.39,0,0,0,0,17.3,9.4,343,1028.5,90,10.4,740,2.7,7,10
19,19,1.5,31.04,0,0,0,0,14.4,9.2,320,1027,0.5,10,664,2.4,7,10
18.5,18.5,2,33.19,0,0,0,0,14,8.5,285,1026.5,5,10,525,1.9,5,10
18.4,18.4,1,31.18,0,0,0,0,13.3,2.3,307,1026.3,93.9,16.5,337,1.2,3,10
16.5,16.5,3,40.43,0,0,0,0,10.4,8.5,300,1026,92.7,10,126,0.5,1,10
15,15,4,47.75,0,0,0,0,7.2,6.5,290,1027,0,8.5,4,0,0,10
13.5,13.5,5,56.33,0,0,0,0,5.8,0.7,50,1027.7,0,9.2,0,0,0,10
13,13,6,62.48,0,0,0,0,9,3.6,90,1028.5,0,6,0,0,0,10
13,13,6,62.48,0,0,0,0,11.2,3.6,80,1029,0,6.5,0,0,0,10
13.8,13.8,7.4,65.37,0,0,0,0,10.8,2.4,46,1029.4,78.6,8.8,0,0,0,10
14.5,14.5,4.5,51.07,0,0,0,0,9.4,8.5,45,1030,0,8.5,0,0,0,10
14.5,14.5,3,45.96,0,0,0,0,10.8,10.3,50,1030,100,10,0,0,0,10
14.8,14.8,3.6,46.93,0,0,0,0,14,3.1,41,1029.9,98.2,10.2,0,0,0,10
14,14,3,47.47,0,0,0,0,15.8,9.4,25,1029.5,60.1,10,0,0,0,10
14,14,2.5,45.81,0,0,0,0,21.2,13.9,5,1030,85.4,10,0,0,0,10
14.5,14.5,1.7,41.75,0,0,0,0,28.1,5.2,7,1029.9,100,10,0,0,0,10
14,14,-0.5,36.92,0,0,0,0,34.6,16.6,5,1030.5,100,10,0,0,0,10
14,14,0,38.29,0,0,0,0,38.5,17.5,10,1031.5,98.6,10,0,0,0,10
14.3,14.3,-0.6,36.06,0,0,0,0,41.8,12.5,336,1032.1,99.7,10.2,2,0,0,10
14.5,14.5,0,37.07,0,0,0,0,38.5,16.6,5,1033,83,10,126,0.5,1,10
15.5,15.5,0,34.76,0,0,0,0,36.7,17.5,5,1034,100,10,192,0.7,2,10
16.6,16.6,-1.4,29.43,0,0,0,0,35.3,12.8,336,1033.5,90,10,125,0.5,1,10
17.5,17.5,0.5,31.74,0,0,0,0,31.3,18.5,10,1032,100,10,199,0.7,2,10
18.5,18.5,1,30.9,0,0,0,0,28.1,19.4,360,1031,100,10,299,1.1,3,10
18.9,18.9,-0.3,27.45,0,0,0,0,22.7,10.5,39,1029.8,90,10.4,282,1,3,10
19,19,2.5,33.33,0,0,0,0,21.2,13.9,355,1029,71.1,10,309,1.1,3,10
19,19,2.5,33.34,0,0,0,0,19.1,13.9,355,1028,54.6,10,359,1.3,4,10
18.9,18.9,1.9,32.18,0,0,0,0,18.4,5.3,333,1028.1,90,10,265,1,3,10
18,18,4,39.46,0,0,0,0,15.1,6.5,330,1028,39.9,10,120,0.4,1,10
17,17,5,45.07,0,0,0,0,16.6,10.3,300,1028,0,8.5,4,0,0,10
17,17,4,42.06,0,0,0,0,12.2,3.6,301,1028.7,100,9.9,0,0,0,10
17,17,5.5,46.67,0,0,0,0,7.6,9.4,300,1029,0,9,0,0,0,10
16,16,6,51.48,0,0,0,0,7.9,6.5,310,1029,0,8.5,0,0,0,10
16.4,16.4,5.8,49.74,0,0,0,0,10.1,1.2,315,1029.6,79,9.7,0,0,0,10
16,16,7.5,57.07,0,0,0,0,16.9,3.6,310,1029.5,0,9.5,0,0,0,10
15,15,7,58.79,0,0,0,0,21.2,7.4,70,1029,93.5,10,0,0,0,10
15.9,15.9,7.2,56.27,0,0,0,0,16.2,2.6,38,1028.8,99.8,10.2,0,0,0,10
15,15,6,54.89,0,0,0,0,14.8,6.5,45,1028,100,10,0,0,0,10
15,15,7,58.79,0,0,0,0,12.2,6.5,35,1027,50.9,10,0,0,0,10
15.8,15.8,3.4,43.46,0,0,0,0,11.9,0.2,340,1027.2,99.8,10,0,0,0,10
15,15,6,54.89,0,0,0,0,10.8,7.6,35,1027,15.7,10,0,0,0,10
14.5,14.5,6,56.69,0,0,0,0,9,9.4,30,1027.5,5,10,0,0,0,10
15,15,3.1,44.82,0,0,0,0,10.4,5,48,1028,88.2,10.4,9,0,0,10
15,15,2.5,42.95,0,0,0,0,13.7,11.2,45,1029,5,10,153,0.6,2,10
16.5,16.5,1,35.05,0,0,0,0,15.8,14.8,45,1029,6.1,10,364,1.3,4,10
18.1,18.1,-2.2,25.09,0,0,0,0,17.6,6.1,45,1028.6,50,16.5,549,2,5,10
18.5,18.5,-0.5,27.72,0,0,0,0,16.9,13,20,1027.5,6.3,10,679,2.4,7,10
19,19,-1,25.9,0,0,0,0,15.8,13,25,1026,25,10,751,2.7,8,10
20.1,20.1,-3.5,20.06,0,0,0,0,13,3.6,34,1024.7,5,16.5,747,2.7,7,10
21,21,-1,22.89,0,0,0,0,10.8,8.5,70,1023.5,0,10,672,2.4,7,10
21,21,-1.5,22.06,0,0,0,0,9.4,9.4,70,1023,0,10,533,1.9,5,10
20.6,20.6,-3.7,19.29,0,0,0,0,9,3.2,90,1023,0,16.5,346,1.2,3,10
18.5,18.5,-2.5,23.93,0,0,0,0,9,11.2,115,1023,4,10,133,0.5,1,10
18.5,18.5,-2.5,23.94,0,0,0,0,8.6,6.5,125,1023.5,5,10,5,0,0,10
15.4,15.4,2.6,42.3,0,0,0,0,12.2,1.9,149,1024.5,0,16.3,0,0,0,10
16,16,2.5,40.29,0,0,0,0,25.9,6.5,140.3,1025,30,6.5,0,0,0,10
15.5,15.5,5,49.59,0,0,0,0,25.6,13.9,145,1026,0,9.5,0,0,0,10
14.6,14.6,7.6,62.79,0,0,0,0,23.4,6.2,156,1026,80,16.4,0,0,0,10
14,14,6,58.56,0,0,0,0,21.2,6.5,110,1026,0,9.5,0,0,0,10
13,13,7,66.93,0,0,0,0,16.9,5.4,30,1025,0,7.5,0,0,0,10
11.4,11.4,8,79.56,0,0,0,0,11.5,2.2,80,1025.1,70.9,9.2,0,0,0,10
11.5,11.5,7,73.86,0,0,0,0,9,4.5,80,1024,0,6.5,0,0,0,10
11.5,11.5,5.5,66.6,0,0,0,0,5.8,6.5,30,1024.5,0,7.5,0,0,0,10
10.8,10.8,7.4,79.53,0,0,0,0,5.4,4,266,1024.3,0,10,0,0,0,10
10.5,10.5,6.5,76.29,0,0,0,0,4.7,4.5,85,1024,0,7,0,0,0,10
9,9,6,81.48,0,0,0,0,4.3,3.6,90,1025,0,6,0,0,0,10
9.7,9.7,8.2,90.37,0,0,0,0,4.7,1.4,315,1025.6,0,4.8,9,0,0,10
12.5,12.5,7.5,71.57,0,0,0,0,5.4,6.5,285,1026,0,5,151,0.5,2,10
15.5,15.5,7,56.93,0,0,0,0,4.3,9.4,295,1026.5,0,7.5,362,1.3,4,10
17.3,17.3,4.7,43.25,0,0,0,0,2.9,4.7,349,1026.4,2.5,9.6,546,2,5,10
19.5,19.5,4,35.92,0,0,0,0,3.6,7.6,340,1025.5,0,10,679,2.4,7,10
20.5,20.5,4,33.77,0,0,0,0,3.6,5.6,13.9,1024,0,10,746,2.7,7,10
21.6,21.6,0.8,25.21,0,0,0,0,2.9,1.4,343,1022.8,27.6,10.4,744,2.7,7,10
22,22,4,30.8,0,0,0,0,4.7,6.5,160,1022,27.5,10,670,2.4,7,10
22,22,4.5,31.9,0,0,0,0,6.1,6.5,110,1021,27.5,10,533,1.9,5,10
21.6,21.6,2,27.52,0,0,0,0,7.6,5,152,1021.7,50,10.2,346,1.2,3,10
19.5,19.5,5.5,39.9,0,0,0,0,4.3,7.4,95,1022,50,8.5,134,0.5,1,10
18,18,6,45.35,0,0,0,0,3.6,5.4,70,1023,50,7,5,0,0,10
16.3,16.3,7.2,54.83,0,0,0,0,9.4,3.2,139,1023,27.5,8.8,0,0,0,10
16,16,8.5,61.09,0,0,0,0,17.6,2.7,320,1023.5,27.5,6,0,0,0,10
15.5,15.5,8,60.94,0,0,0,0,17.6,3.6,100,1024,70,6,0,0,0,10
15,15,10.1,72.64,0,0,0,0,15.8,1.9,105,1025,40,8.3,0,0,0,10
14.5,14.5,9,69.57,0,0,0,0,14,4.5,30,1025,27.5,5,0,0,0,10
14,14,10,76.84,0,0,0,0,11.2,2.7,154.3,1025,27.5,5,0,0,0,10
13.2,13.2,11.2,87.67,0,0,0,0,11.2,1,320,1024.5,29.8,8.4,0,0,0,10
13,13,11,87.66,0,0,0,0,6.8,3.6,330,1024,27.5,5,0,0,0,10
12,12,9.5,84.68,0,0,0,0,5,6.5,90,1024,27.5,4.5,0,0,0,10
12.1,12.1,9.8,85.69,0,0,0,0,2.9,3.5,19,1024.1,37.5,8.2,0,0,0,10
12,12,10.5,90.55,0,0,0,0,1.4,3.6,290,1024,50,5,0,0,0,10
12,12,10.5,90.53,0,0,0,0,4.3,1.8,0,1025,50,4.5,0,0,0,10
12.7,12.7,10.3,85.13,0,0,0,0,6.5,1.8,308,1025.5,24.9,3.3,8,0,0,10
13.5,13.5,11.5,87.7,0,0,0,0,7.2,5.4,290,1026,0,2.5,142,0.5,1,10
16,16,12,77.14,0,0,0,0,7.2,6.5,305,1027,0,3,349,1.3,3,10
18.3,18.3,10.3,59.72,0,0,0,0,5.8,3.9,321,1026.3,0,8.1,532,1.9,5,10
20.5,20.5,13,62.11,0,0,0,0,3.2,5.4,300,1025.5,0,5.5,665,2.4,7,10
21.5,21.5,13,58.41,0,0,0,0,2.2,3.6,323.2,1023.5,30,6.5,734,2.6,7,10
22.4,22.4,10.3,46.4,0,0,0,0,4.3,3.8,359,1022.5,37.5,9,732,2.6,7,10
23.5,23.5,13,51.73,0,0,0,0,5.4,4.5,230,1021,50,7.5,661,2.4,7,10
23.5,23.5,13,51.74,0,0,0,0,6.8,5.4,60,1020.5,27.5,9.5,526,1.9,5,10
23.4,23.4,10.5,44.12,0,0,0,0,8.3,5.3,151,1020.4,27.5,10.2,341,1.2,3,10
22,22,12.5,54.84,0,0,0,0,9,8.5,160,1020,0,7.5,133,0.5,1,10
20.5,20.5,13,62.12,0,0,0,0,11.5,6.5,125,1021,27.5,6.5,5,0,0,10
18.6,18.6,12.4,67.26,0,0,0,0,14.8,3.9,244,1021.3,27.5,8.5,0,0,0,10
18.5,18.5,13.5,72.66,0,0,0,0,24.8,7.4,65,1022,50,5,0,0,0,10
18.5,18.5,14,75.08,0,0,0,0,26.6,11.2,150,1022.5,40,7.5,0,0,0,10
17.3,17.3,13.5,78.2,0,0,0,0,26.3,5,134,1023.1,27.5,9.1,0,0,0,10
16.5,16.5,14,85.18,0,0,0,0,22.7,3.6,151.9,1023,27.5,6,0,0,0,10
15.5,15.5,14,90.78,0,0,0,0,19.1,3.6,80,1022,27.5,5,0,0,0,10
15.1,15.1,13.4,89.58,0,0,0,0,13.7,2.9,140,1022,2.5,8.2,0,0,0,10
15,15,14,93.75,0,0,0,0,10.4,2.7,30,1022,0,4,0,0,0,10
14.5,14.5,14,96.82,0,0,0,0,5.8,2.7,127,1022,12.5,4,0,0,0,10
13.9,13.9,12.5,90.93,0,0,0,0,4,1.3,83,1021.7,12.5,7.7,0,0,0,10
14,14,13,93.7,0,0,0,0,4,4.5,60,1022,0,4,0,0,0,10
14,14,13,93.7,0,0,0,0,4,5.4,275,1022,0,4.5,0,0,0,10
13.9,13.9,12.3,90.32,0,0,0,0,3.2,1.2,302,1023,0,3.7,8,0,0,10
16.5,16.5,14.5,87.97,0,0,0,0,2.9,2.7,10.6,1023.5,0,3.5,145,0.5,1,10
18.5,18.5,14.5,77.53,0,0,0,0,1.4,6.5,310,1024,0,4,352,1.3,4,10
20.3,20.3,13.7,66.15,0,0,0,0,2.2,2,332,1023.9,0,5.3,534,1.9,5,10
22.5,22.5,13.5,56.78,0,0,0,0,5,4.5,10,1023,0,9.5,665,2.4,7,10
23.5,23.5,12.5,50.07,0,0,0,0,9,4.5,130.6,1021.5,0,10,732,2.6,7,10
24,24,11.9,46.69,0,0,0,0,9.4,2.3,320,1020.7,30.9,10.4,730,2.6,7,10
25,25,14,50.46,0,0,0,0,10.8,6.5,120,1019.5,27.5,10,659,2.4,7,10
24.5,24.5,13.5,50.33,0,0,0,0,11.9,8.5,185,1019,27.5,10,525,1.9,5,10
24.2,24.2,12.2,46.96,0,0,0,0,12.6,7.2,184,1019,29.8,10.2,342,1.2,3,10
23,23,13,53.32,0,0,0,0,15.1,7.6,170,1019,27.5,8.5,134,0.5,1,10
22.5,22.5,13,54.96,0,0,0,0,25.2,7.6,160,1019.5,57.6,7.5,6,0,0,10
20.6,20.6,12.7,60.55,0,0,0,0,30.6,5.5,172,1020,57.2,8.8,0,0,0,10
20.5,20.5,14.5,68.5,0,0,0,0,30.6,7.6,65,1020.5,12.5,5.5,0,0,0,10
18,18,15,82.63,0,0,0,0,27.7,5.6,325,1021,0,5,0,0,0,10
17.8,17.8,14.5,80.87,0,0,0,0,23,1.2,159.7,1021.1,5.9,8.3,0,0,0,10
18.5,18.5,15,80.08,0,0,0,0,18.4,4.5,120,1021,0,4.5,0,0,0,10
17,17,15,88.01,0,0,0,0,15.5,3.6,154,1021,7,3,0,0,0,10
17.1,17.1,14.9,86.98,0,0,0,0,11.9,1.2,340,1020.7,71.1,7.8,0,0,0,10
16,16,15,93.79,0,0,0,0,7.6,4.5,330,1020,0,3.5,0,0,0,10
16,16,14.5,90.81,0,0,0,0,5.4,3.6,100,1020,0,3.5,0,0,0,10
16.1,16.1,14.6,90.97,0,0,0,0,3.2,1.2,100,1019.8,71.3,3.7,0,0,0,10
16,16,14.5,90.81,0,0,0,0,1.8,0.9,90,1020,30,3.5,0,0,0,10
16,16,15,93.79,0,0,0,0,3.2,3.6,290,1020,89,4.5,0,0,0,10
17.1,17.1,14.9,86.62,0.005,100,0,0,5,0.7,320,1021,73.3,3.8,3,0,0,10
18,18,16,88.1,0,0,0,0,5.4,4.7,230,1021.5,89,3,43,0.2,0,10
20.5,20.5,16,75.4,0,0,0,0,5,1.8,323.6,1022,58.9,3,94,0.3,1,10
21.5,21.5,16.7,73.92,0,0,0,0,3.2,1,360,1022.2,91.5,7.9,161,0.6,2,10
23.5,23.5,15,58.89,0,0,0,0,2.2,4.5,340.4,1021,89,5,263,0.9,3,10
24.5,24.5,15.5,57.27,0,0,0,0,3.2,3.6,11,1019.5,89,5,400,1.4,4,10
24.4,24.4,16.4,61.01,0.005,100,0,0,5,2,315,1018.5,96.1,8.5,373,1.3,4,10
24,24,16,60.93,0,0,0,0,9.4,7.6,270,1017.5,89,5.5,428,1.5,4,10
24,24,16,60.93,0,0,0,0,9.7,6.5,260,1017,89,6,348,1.3,3,10
24,24,16.8,63.93,0,0,0,0,8.3,2.8,311,1017.3,96.2,8.3,158,0.6,2,10
23.5,23.5,16,62.8,0,0,0,0,13,5.4,300,1017.5,94,4.5,43,0.2,0,10
23,23,16,64.72,0,0,0,0,14.8,4.5,240,1018,95,5,5,0,0,10
22.5,22.5,17.7,74.22,0,0,0,0,14.4,1.6,349,1018.6,96.1,8.3,0,0,0,10
22,22,17,73.29,0,0,0,0,14.8,4.5,310,1019,94,4,0,0,0,10
22,22,17,73.3,0,0,0,0,15.5,6.5,150,1019.5,100,4.5,0,0,0,10
22,22,19.2,83.99,0,0,0,0,14.8,5.5,175,1019.9,100,9.8,0,0,0,10
21.5,21.5,18,80.49,0,0,0,0,13.7,5.4,215,1019.5,100,7.5,0,0,0,10
21,21,18,82.99,0,0,0,0,14.4,6.5,330,1019,100,4.5,0,0,0,10
20.8,20.8,19.2,90.1,0.002,100,0,0,10.8,1.9,310,1019,100,8.2,0,0,0,10
20,20,18,88.27,0,0,0,0,10.8,5.4,285,1018,94,3.5,0,0,0,10
20,20,18,88.27,0,0,0,0,6.1,4.5,295,1018,95,3,0,0,0,10
20.1,20.1,18.9,92.7,0,0,0,0,5,1.6,316,1017.9,96.2,7.6,0,0,0,10
20,20,18,88.27,0,0,0,0,6.8,5.4,285,1018,100,3,0,0,0,10
20,20,18,88.27,0,0,0,0,7.2,6.5,270,1018,95,2,0,0,0,10
19.3,19.3,18.7,96.18,0.07,100,0,0,3.2,3.3,283,1018.9,96.3,6.7,1,0,0,10
20,20,18,88.27,0,0,0,0,2.9,6.5,290,1019.5,50,1,27,0.1,0,3
21,21,18,82.99,0,0,0,0,3.6,8.5,295,1020,89,2,62,0.2,1,10
20.9,20.9,18.4,85.63,0,0,0,0,3.2,4.7,341,1020.1,96.2,3.3,118,0.4,1,3
22.5,22.5,18,75.72,0,0,0,0,2.5,6.5,315,1019,89,3.5,455,1.6,5,10
23,23,18,73.46,0,0,0,0,2.5,6.5,320,1018,89,3,566,2,6,10
23,23,18,73.51,0.005,100,0,0,6.1,4.3,351,1017.1,96.1,7.8,432,1.6,4,10
23,23,18,73.46,0,0,0,0,8.3,4.5,320,1016,89,4,313,1.1,3,10
23.5,23.5,18,71.27,0,0,0,0,9,3.6,136.9,1016,89,4,281,1,3,10
23.2,23.2,18.1,72.94,0,0,0,0,10.1,6.9,139,1016.1,89.8,7.7,130,0.5,1,10
23,23,18,73.46,0,0,0,0,14,9.4,165,1016,50,2.5,27,0.1,0,10
22,22,19,83.11,0,0,0,0,19.8,10.3,145,1017,70,3.5,3,0,0,10
21.5,21.5,19.3,87.71,0.683,100,0,0,23.4,4.9,172,1017.3,90.2,7.8,0,0,0,10
22,22,19,83.11,0,0,0,0,22.7,5.4,175,1018,89,3,0,0,0,10
22,22,19,83.11,0,0,0,0,22.7,5.6,220,1018.5,70,3,0,0,0,10
21,21,19.4,90.25,0,0,0,0,20.5,4.9,158,1018.7,96.2,7.5,0,0,0,10
21,21,19,88.35,0,0,0,0,19.1,4.5,145,1018,89,3,0,0,0,10
21,21,19,88.35,0,0,0,0,20.2,6.5,130,1018,89,3.5,0,0,0,10
20.5,20.5,19.2,92.61,0.002,100,0,0,18,1.8,140,1018,96.3,4.1,0,0,0,10
21,21,19,88.35,0,0,0,0,16.9,3.6,146.8,1017,89,3.5,0,0,0,10
20,20,19,93.97,0,0,0,0,15.8,3.6,10,1017,89,2,0,0,0,10
20.1,20.1,19.6,96.84,0,0,0,0,14.4,0.9,134.6,1017,95.9,3.3,0,0,0,10
20,20,19,93.97,0,0,0,0,13.3,6.5,275,1017.5,89,2.5,0,0,0,10
20,20,19,93.97,0,0,0,0,9.7,6.5,265,1018,69,3.5,0,0,0,10
20,20,19.1,94.44,0,0,0,0,9.4,1.8,305,1018.6,78,3.3,3,0,0,10
21,21,19.5,91.14,0,0,0,0,10.1,5.4,320,1019,89,3,48,0.2,0,10
22.5,22.5,19.5,83.15,0,0,0,0,8.6,1.8,107.9,1020,94,4.5,123,0.4,1,10
23.5,23.5,19.4,77.66,0,0,0,0,7.9,3.9,133,1019.7,81.8,8.9,192,0.7,2,10
24.5,24.5,19,71.45,0,0,0,0,7.2,5.4,70,1018.5,70,9,412,1.5,4,10
25,25,18.5,67.23,0,0,0,0,7.2,4.5,116.2,1017.5,89,6,528,1.9,5,10
25.5,25.5,19,67.45,0,0,0,0,9,4.3,157,1016.7,90,8.7,612,2.2,6,10
25,25,18,65.15,0,0,0,0,10.4,6.5,195,1015.5,89,8,577,2.1,6,10
25,25,18,65.15,0,0,0,0,12.2,7.4,135,1015,88,10,425,1.5,4,10
25.3,25.3,18.6,66.49,0,0,0,0,12.6,5.7,158,1015.3,90.2,9.7,245,0.9,2,10
24.5,24.5,19,71.46,0,0,0,0,15.8,12.1,125,1015,12.5,6,83,0.3,1,10
22.5,22.5,18.5,78.15,0,0,0,0,21.2,7.4,95,1016,30,6,6,0,0,10
22.7,22.7,19.1,80.2,0.098,100,0,0,29.5,3,107,1016.2,3.6,8.5,0,0,0,10
22.5,22.5,17.5,73.37,0,0,0,0,27,10.3,135,1017,0,7.5,0,0,0,10
21,21,17,77.92,0,0,0,0,27,3.6,151.8,1017,12.5,8.5,0,0,0,10
20.3,20.3,16.9,80.79,0,0,0,0,24.5,2,143,1017.8,25,9.7,0,0,0,10
21.5,21.5,16,70.91,0,0,0,0,22,6.5,160,1017.5,0,8,0,0,0,3
21,21,16.5,75.49,0,0,0,0,21.2,3.6,154.6,1017,0,7.5,0,0,0,3
20.8,20.8,18.1,84.18,0,0,0,0,19.8,4.1,121,1017.1,71.4,9,0,0,0,3
20,20,17,82.87,0,0,0,0,18.4,6.5,65,1017,0,6,0,0,0,10
20,20,17,82.87,0,0,0,0,16.2,7.4,60,1016.5,89,5.5,0,0,0,3
20.2,20.2,17.8,85.73,0,0,0,0,15.8,1.9,76,1016.8,89.5,8.2,0,0,0,10
19.5,19.5,17,85.49,0,0,0,0,15.1,7.6,80,1017,43.9,4.5,0,0,0,3
19,19,17,88.19,0,0,0,0,13.7,4.5,70,1017.5,90,3.5,0,0,0,3
19.7,19.7,17.8,88.34,0,0,0,0,13,1.9,74,1017.9,89.5,3.6,2,0,0,10
21,21,18,82.99,0,0,0,0,13.7,5.4,60,1019,89,3,30,0.1,0,10
23.5,23.5,17.5,69.07,0,0,0,0,14,8.5,125,1019,40,4.5,65,0.2,1,10
24.4,24.4,17.1,63.91,0,0,0,0,11.9,3.3,104,1019.2,82.6,8.9,84,0.3,1,10
25.5,25.5,17,59.36,0,0,0,0,11.9,9.4,110,1018,89,6.5,171,0.6,2,10
26.5,26.5,17,55.95,0,0,0,0,12.6,10.3,135,1017,69,10,553,2,6,10
27,27.8,17.3,55.12,0,0,0,0,13.7,9.8,137,1016.1,75.7,10.2,396,1.4,4,10
27,27.7,17,54.33,0,0,0,0,13.7,15.7,135,1015,69,10,230,0.8,2,10
27.5,28.3,17.5,54.47,0,0,0,0,15.8,15.7,125,1014.5,58.9,10,161,0.6,2,10
26.5,26.5,17.9,59.33,0,0,0,0,19.8,14.4,136,1014.5,30,10.2,126,0.5,1,10
25,25,18,65.15,0,0,0,0,25.2,18.5,135,1015,10.9,10,82,0.3,1,10
23.5,23.5,18,71.28,0,0,0,0,29.5,19.4,130,1015.5,15.5,10,7,0,0,10
22.7,22.7,19.4,81.81,0,0,0,0,27,12.4,154,1016.2,78.8,9.5,0,0,0,10
22,22,19,83.11,0,0,0,0,23.4,10.3,145,1017,50,7,0,0,0,10
22,22,19,83.11,0,0,0,0,22.7,11.2,140,1017,89,8,0,0,0,10
21.8,21.8,19.8,88.31,0,0,0,0,21.6,7.2,140,1017.4,96.2,9.3,0,0,0,10
22,22,19,83.11,0,0,0,0,20.5,13.9,135,1017,89,7.5,0,0,0,10
22,22,19.5,85.74,0.1,100,0,0,20.2,11.2,105,1017,89,6.5,0,0,0,10
21.8,21.8,20.4,91.68,0,0,0,0,18.4,5.8,101,1016.9,95.1,8.6,0,0,0,10
21.5,21.5,19.5,88.4,0,0,0,0,18.4,10.3,115,1016,89,5.5,0,0,0,10
21,21,20,94.02,0,0,0,0,16.6,9.4,120,1016,89,6,0,0,0,10
21.1,21.1,20.1,94,0,0,0,0,17.3,4.9,131,1015.7,96.1,8.3,0,0,0,10
21,21,20,94.02,0.3,100,0,0,18,10.3,120,1016,89,5,0,0,0,10
21,21,20,94.02,0.3,100,0,0,17.3,9.4,120,1016.5,89,5,0,0,0,10
21,21,19.7,92.3,0,0,0,0,16.6,5.9,128,1017.1,95.4,7.7,3,0,0,10
21.5,21.5,20,91.17,0,0,0,0,17.3,12.1,110,1017.5,89,4.5,92,0.3,1,10
22.5,22.5,20,85.78,0,0,0,0,19.1,13,115,1018,89,5,336,1.2,3,10
23.6,23.6,20.6,83.17,0,0,0,0,21.6,4.2,120,1018.2,76,8.9,521,1.9,5,10
25,25,19.5,71.54,0,0,0,0,23.8,12.1,110,1017,89,9,650,2.3,7,10
26.5,26.5,19,63.45,0,0,0,0,23.8,10.3,130,1016,89,10,578,2.1,6,10
26.3,26.3,19.1,64.55,0,0,0,0,22.7,5.9,162,1014.7,83.1,10.2,267,1,3,10
27,28.2,19,61.61,0,0,0,0,23.8,9.4,140,1014,89,10,129,0.5,1,10
27,28.1,18.5,59.72,0.1,100,0,0,26.3,13,120,1013,57.6,10,117,0.4,1,10
26.7,27.8,18.8,61.7,0,0,0,0,29.5,9.5,107,1013.3,36.9,10.2,215,0.8,2,10
25.5,25.5,19,67.33,0,0,0,0,29.5,14.8,125,1014,37.5,10,142,0.5,1,10
25,25,19,69.36,0,0,0,0,32,12.1,125,1015,89,9,7,0,0,10
23.6,23.6,19.5,77.82,0,0,0,0,31.3,12.9,138,1015.6,86.9,9.7,0,0,0,10
23.5,23.5,20,80.75,0,0,0,0,30.6,18.5,145,1016,89,9,0,0,0,10
22,22,20,88.44,0,0,0,0,28.8,16.6,145,1017,89,8,0,0,0,10
22.1,22.1,19.8,86.74,0,0,0,0,28.4,8.8,143,1017.4,89.7,9.3,0,0,0,10
22,22,20,88.44,0,0,0,0,26.3,14.8,135,1018,89,7,0,0,0,10
22,22,20,88.44,0,0,0,0,25.6,13.9,115,1018,94,7.5,0,0,0,10
21.6,21.6,20,90.78,0,0,0,0,24.5,6.9,93,1017.8,91.7,9,0,0,0,10
21,21,20,94.02,0,0,0,0,22.7,10.3,100,1017,94,6,0,0,0,10
21,21,20,94.02,0,0,0,0,20.5,8.5,95,1017,89,5,0,0,0,10
21.1,21.1,20.1,93.98,0,0,0,0,27.4,5.9,145,1017.2,83.3,8.1,0,0,0,10
20.5,20.5,18.5,88.3,0,0,0,0,32.4,13.9,60,1018,100,7.5,0,0,0,10
18.5,18.5,15.5,82.68,0,0,0,0,39.2,23.2,45,1019,95,10,0,0,0,10
18.6,18.6,15.8,83.35,0,0,0,0,37.8,15.7,350,1019.7,91.9,10,0,0,0,10
19,19,13.5,70.43,0,0,0,0,35.3,23.2,35,1021,89,10,6,0,0,10
18.5,18.5,12,65.88,0,0,0,0,33.8,22.3,25,1022,89,10,14,0.1,0,10
17.7,17.7,13.6,76.72,0,0,0,0,31.3,12.4,36,1022.7,100,9.7,43,0.2,0,10
17.5,17.5,12,70.14,0,0,0,0,29.2,22.3,15,1022.5,100,10,58,0.2,1,10
18.5,18.5,12.5,68.07,0,0,0,0,27,17.5,15,1021.5,100,10,80,0.3,1,10
18.2,18.2,13.1,71.71,0,0,0,0,30.6,13.9,37,1020.7,90.2,10,106,0.4,1,10
20,20,12,60,0,0,0,0,27.7,16.6,10,1020,98.6,10,133,0.5,1,10
20.5,20.5,11.5,56.29,0,0,0,0,24.5,11.2,350,1019.5,100,10,58,0.2,1,10
20.2,20.2,11.5,57.16,0,0,0,0,24.1,7.9,30,1019.2,90,10,26,0.1,0,10
20,20,12,60,0,0,0,0,22.3,6.5,20,1019,96.1,10,19,0.1,0,10
19.1,19.1,13.1,68.19,0,0,0,0,19.8,5.4,360,1020,50,10,2,0,0,10
18.8,18.8,14.2,74.94,4.001,100,0,0,10.8,3.9,18,1020.1,91.5,10,0,0,0,10
19,19,14,72.76,0,0,0,0,7.2,5.6,85,1020.5,100,10,0,0,0,10
19,19,13,68.18,0,0,0,0,6.8,2.7,70.5,1021,100,10,0,0,0,10
18.8,18.8,14.4,75.83,0,0,0,0,5.8,3.5,360,1021,97.5,10,0,0,0,10
18,18,15,82.63,0,0,0,0,3.6,5.4,345,1020.5,75.1,10,0,0,0,10
18,18,14,77.46,0,0,0,0,5,1.8,340,1020,100,10,0,0,0,10
18.4,18.4,14.1,76.27,0,0,0,0,6.1,3.9,352,1019.6,100,10,0,0,0,10
18,18,14,77.46,0,0,0,0,6.1,5.6,60,1019,100,10,0,0,0,10
18,18,14,77.46,0,0,0,0,6.5,6.5,60,1019,100,10,0,0,0,10
18.1,18.1,14.1,77.51,0,0,0,0,6.5,0.9,40,1018.9,100,9.7,0,0,0,10
17.5,17.5,14,79.95,0,0,0,0,5.4,7.6,75,1019,100,10,0,0,0,10
17.5,17.5,13.5,77.38,0,0,0,0,4.7,6.5,65,1020,100,10,0,0,0,10
17.9,17.9,12.7,71.31,0,0,0,0,6.1,2.2,65,1020.4,98.3,10,2,0,0,10
18.5,18.5,12,65.87,0,0,0,0,8.3,10.3,55,1021,100,10,26,0.1,0,10
19,19,12,63.85,0,0,0,0,11.2,12.1,65,1022,100,10,108,0.4,1,10
19.9,19.9,13,64.71,0,0,0,0,13.3,10.5,138,1022,97.9,10,281,1,3,10
20,20,12,60,0,0,0,0,15.5,9.4,45,1021,95,10,220,0.8,2,10
20.5,20.5,13,62.11,0,0,0,0,16.9,9.4,90,1019.5,89,10,413,1.5,4,10
20.6,20.6,13.1,61.91,0,0,0,0,15.1,3.4,72,1018.6,96.2,10,661,2.4,7,10
21,21,13.5,62.24,0,0,0,0,19.1,10.3,95,1017.5,100,9,350,1.3,4,10
20,20,14,68.38,0,0,0,0,16.6,10.3,125,1017,95,8.5,284,1,3,10
20.4,20.4,13.7,65.63,0,0,0,0,17.3,9.5,137,1017.1,96.2,10,171,0.6,2,10
20,20,14,68.38,0,0,0,0,18,13.9,135,1017,100,8,83,0.3,1,10
20,20,14,68.38,0,0,0,0,22.3,9.4,130,1017.5,100,8,5,0,0,10
19.8,19.8,14.9,73.4,0,0,0,0,23,3,120,1018.1,100,9.3,0,0,0,10
20,20,15,72.94,0,0,0,0,20.2,10.3,130,1018,100,8,0,0,0,10
20,20,15,72.94,0,0,0,0,22.3,10.3,160,1018.5,100,8,0,0,0,10
19.7,19.7,16.1,79.51,0,0,0,0,21.6,3,154,1018.3,100,9.3,0,0,0,10
20,20,16,77.77,0,0,0,0,20.5,7.6,155,1018,100,7,0,0,0,10
20,20,16,77.77,0,0,0,0,19.8,7.6,170,1018,100,7,0,0,0,10
19.5,19.5,16.9,85.08,0,0,0,0,18,2.3,165,1017.9,100,9.1,0,0,0,10
19,19,17,88.19,0,0,0,0,16.9,10.3,150,1017,100,7,0,0,0,10
19,19,17,88.19,0,0,0,0,15.8,10.3,130,1017,100,5.5,0,0,0,10
18.9,18.9,17.2,89.88,0,0,0,0,14.4,3.6,95,1017.2,96.2,8.1,0,0,0,10
18,18,17,93.88,0.1,100,0,0,14.4,8.5,90,1018,95,4,0,0,0,10
18,18,17,93.88,0,0,0,0,12.2,4.5,70,1018,94,3,0,0,0,10
18.9,18.9,17.9,93.84,0,0,0,0,11.9,1.6,70,1018.6,97.9,3.3,2,0,0,10
19,19,17,88.19,0,0,0,0,10.8,5.4,105,1019,95,2,29,0.1,0,10
19.5,19.5,17,85.48,0.1,100,0,0,10.4,5.4,100,1020,95,3,68,0.2,1,10
20.4,20.4,17.7,84.51,0,0,0,0,9.7,1.7,2,1019.7,99.1,7.7,89,0.3,1,10
20.5,20.5,18,85.58,0.2,100,0,0,10.8,4.5,310,1019,95,3,113,0.4,1,10
21,21,18,82.99,0,0,0,0,12.2,2.7,310,1017.5,89,2.5,183,0.7,2,10
23,23,18,73.81,0,0,0,0,16.2,2.1,180,1016.3,82.8,7.7,287,1,3,10
23,23,18,73.46,0,0,0,0,19.8,5.4,157.2,1016,89,3,289,1,3,10
23,23,18,73.46,0,0,0,0,21.2,9.4,35,1015,89,3,231,0.8,2,10
24.3,24.3,18.1,68.24,0,0,0,0,22,3.6,43,1015.4,70.4,7.7,121,0.4,1,10
21.5,21.5,18,80.49,0,0,0,0,24.1,7.6,20,1016,89,2.5,49,0.2,0,10
20.5,20.5,18,85.59,0,0,0,0,24.8,3.6,40,1016,89,4,4,0,0,10
21,21,18.2,84.21,0,0,0,0,23.8,0.2,9,1017.1,95.1,7.9,0,0,0,10
21,21,18,82.99,0,0,0,0,22.3,4.5,190,1018,100,4,0,0,0,10
20.5,20.5,18,85.59,0,0,0,0,22.7,3.6,134.6,1018.5,89,4,0,0,0,10
20.7,20.7,19,89.81,0,0,0,0,22.7,4,200,1018.8,95.1,7.9,0,0,0,10
20,20,18.5,91.09,0,0,0,0,19.4,4.5,60,1018.5,95,4,0,0,0,10
21,21,19,88.35,0,0,0,0,19.8,10.3,110,1018,100,5.5,0,0,0,10
21,21,19.4,90.57,0,0,0,0,16.6,3,105,1018.8,99.7,8.4,0,0,0,10
20,20,19,93.97,0,0,0,0,12.2,6.5,50,1018,100,3.5,0,0,0,10
20,20,19,93.97,0.2,100,0,0,9,7.6,75,1018,89,3,0,0,0,10
20,20,18.9,93.27,0,0,0,0,13,1.9,75,1016.9,96.2,7.6,0,0,0,10
20,20,19,93.97,0.1,100,0,0,14.8,1.8,120.8,1018.5,89,3,0,0,0,10
20,20,19,93.97,0.2,100,0,0,20.9,5.6,160,1019,95,3,0,0,0,10
19.8,19.8,18.4,91.74,0,0,0,0,20.2,4.2,314,1019.8,95.6,7.1,1,0,0,10
20,20,19,93.97,0,0,0,0,20.5,6.5,230,1020.5,89,1.5,25,0.1,0,10
20.5,20.5,19,91.11,0,0,0,0,17.6,4.5,325,1021,89,2,56,0.2,1,10
21.6,21.6,19.4,87.12,0,0,0,0,11.9,3.6,177,1021.3,95.9,7.6,119,0.4,1,10
23,23,19.5,80.68,0,0,0,0,11.9,8.5,215,1020,89,3.5,170,0.6,2,10
24,24,18,69.16,0,0,0,0,12.6,6.5,240,1018.5,89,5,316,1.1,3,10
24.8,24.8,18.2,67.02,0,0,0,0,13.7,4.3,232,1017.6,82.9,8.4,593,2.1,6,10
25,25,17.5,63.12,0,0,0,0,13.3,4.5,200,1016.5,70,7,584,2.1,6,10
25.5,25.5,18,63.24,0,0,0,0,14,5.6,200,1016,89,7,210,0.8,2,10
25.1,25.1,16.8,60.24,0,0,0,0,19.4,5.1,217,1016.3,89.7,9.1,40,0.1,0,10
24.5,24.5,17.5,65.04,0,0,0,0,20.9,6.5,185,1016.5,89,6.5,20,0.1,0,10
24,24,18,69.16,0,0,0,0,25.2,8.5,175,1017,89,7,2,0,0,10
23.1,23.1,18.8,76.77,0,0,0,0,28.4,6.2,144,1017.9,82.5,9.5,0,0,0,10
22.5,22.5,19,80.62,0,0,0,0,28.1,9.4,160,1018.5,27.5,10,0,0,0,10
21.5,21.5,19,85.69,0,0,0,0,28.4,11.2,140,1019,0,9.5,0,0,0,10
21.3,21.3,19.2,88.14,0,0,0,0,26.3,5.9,147,1019.3,47.8,9.5,0,0,0,10
20.5,20.5,18,85.59,0,0,0,0,22.3,8.5,150,1019,0,9.5,0,0,0,10
20.5,20.5,18,85.59,0,0,0,0,20.2,5.4,115,1019,0,8,0,0,0,10
20.6,20.6,19.1,90.89,0,0,0,0,20.2,5.2,133,1019.2,70.9,8.6,0,0,0,10
19.5,19.5,18.5,93.95,0,0,0,0,19.1,6.5,105,1019,0,5,0,0,0,10
19.5,19.5,18,91.06,0,0,0,0,22.7,6.5,115,1018,90,4.5,0,0,0,10
20.1,20.1,18.9,92.86,0,0,0,0,24.5,6.5,144,1018.3,96.8,8.1,0,0,0,10
20,20,19,93.97,0,0,0,0,24.5,5.4,45,1019,94,4,0,0,0,10
19.5,19.5,18.5,93.95,0,0,0,0,23.8,6.5,70,1019,43.9,4,0,0,0,10
20.4,20.4,19.4,93.98,0,0,0,0,19.1,6.9,144,1019.9,96.2,7.2,5,0,0,10
21,21,19.5,91.14,0,0,0,0,23.4,7.4,85,1021,89,2.5,129,0.5,1,10
22.5,22.5,19,80.6,0,0,0,0,20.5,11.2,110,1021,89,5,333,1.2,3,10
24.1,24.1,18,69.06,0,0,0,0,19.1,12.1,137,1021.2,89.7,10,514,1.9,5,10
24,24,17.5,67.01,0,0,0,0,19.4,16.6,120,1019.5,89,10,574,2.1,6,10
24,24,17,64.93,0.1,100,0,0,19.8,13.9,125,1018.5,94,10,387,1.4,4,10
24.3,24.3,17.2,64.82,0,0,0,0,19.8,9.2,139,1017.3,89.7,10.2,292,1.1,3,10
25,25,17.5,63.13,0,0,0,0,19.8,14.8,165,1016,89,10,202,0.7,2,10
24.5,24.5,17.5,65.05,0,0,0,0,21.2,14.8,140,1016,88,10,108,0.4,1,10
24.3,24.3,17.5,65.45,0,0,0,0,25.6,9.8,160,1015.9,99.6,10.2,54,0.2,1,10
24,24,17.5,67.02,0,0,0,0,27,17.5,125,1016,36.4,10,68,0.2,1,10
23,23,17.5,71.19,0,0,0,0,31.3,14.8,135,1016,24.4,10,9,0,0,10
22.1,22.1,18.9,81.94,0,0,0,0,30.2,12.4,138,1016.5,1.9,10,0,0,0,10
22,22,19,83.11,0,0,0,0,32,12.1,150,1017,90,9.5,0,0,0,10
21,21,19,88.35,0,0,0,0,31,10.3,160,1017.5,89,9,0,0,0,10
21.3,21.3,19.1,86.77,0,0,0,0,28.8,5.9,141,1017.8,100,9.8,0,0,0,10
21,21,19,88.35,0.1,100,0,0,28.1,13.9,140,1018,100,8.5,0,0,0,10
21,21,18,82.99,0,0,0,0,27.7,14.8,130,1017,95,8.5,0,0,0,10
21.1,21.1,19.1,88.18,0,0,0,0,26.6,6.8,135,1017.1,96,9.1,0,0,0,10
20.5,20.5,18,85.59,0,0,0,0,25.2,13,110,1017,94,6.5,0,0,0,10
20,20,19,93.97,0.1,100,0,0,25.6,10.3,110,1016.5,49.9,6,0,0,0,10
20.4,20.4,19.4,93.59,0,0,0,0,24.5,5.9,124,1016.1,97.7,8.3,0,0,0,10
20,20,19,93.97,0,0,0,0,25.6,12.1,105,1016,94,5,0,0,0,10
20,20,19,93.97,0,0,0,0,26.6,10.3,105,1016.5,100,5,0,0,0,10
20.6,20.6,19.4,92.99,0,0,0,0,24.8,6.5,156,1017.1,96.2,7.5,4,0,0,10
21.5,21.5,19,85.68,0,0,0,0,23.4,13,135,1018,95,4.5,56,0.2,1,10
23,23,19,78.21,0.1,100,0,0,20.9,13,140,1018,89,5.5,188,0.7,2,10
22.8,22.8,19.6,81.98,0,0,0,0,18.7,9.8,133,1018.6,96,9.5,447,1.6,4,10
23.5,23.5,19.5,78.28,0.2,100,0,0,19.1,10.3,115,1017.5,89,7,334,1.2,3,10
24,24,19,73.63,0,0,0,0,18.4,10.3,130,1016.5,89,9.5,360,1.3,4,10
25,25,19.1,69.71,0,0,0,0,17.6,8.9,137,1015.1,89.5,10.2,335,1.2,3,10
26,26,19,65.36,0,0,0,0,17.6,13.9,145,1014,89,10,208,0.7,2,10
26,26,19,65.36,0.2,100,0,0,18.7,14.8,140,1013.5,89,10,177,0.6,2,10
25.5,25.5,19.3,68.3,0,0,0,0,21.2,11.2,160,1013.6,89.8,10.2,140,0.5,1,10
25,25,19,69.36,0,0,0,0,26.6,17.5,135,1014,70,10,34,0.1,0,10
24,24,19,73.63,0,0,0,0,30.2,16.6,130,1014,90,10,7,0,0,10
23.8,23.8,19.3,75.65,0,0,0,0,31.7,14.4,162,1014.9,90,10,0,0,0,10
23,23,20,83.22,0,0,0,0,35.6,19.4,130,1015.5,27.5,10,0,0,0,10
22,22,20,88.44,0,0,0,0,36.4,16.6,125,1016,89,9.5,0,0,0,10
22.1,22.1,20.2,89.23,0,0,0,0,33.8,12.1,129,1016.3,90.4,9.1,0,0,0,10
22,22,20,88.44,0,0,0,0,32,13.9,120,1016,100,7,0,0,0,10
22,22,20,88.44,0,0,0,0,31,11.2,115,1016,94,6.5,0,0,0,10
21.8,21.8,20.4,92.03,0,0,0,0,28.1,8.6,129,1015.8,93.5,8.9,0,0,0,10
22,22,20,88.44,0,0,0,0,25.2,11.2,105,1015,100,6.5,0,0,0,10
21.5,21.5,20,91.19,0,0,0,0,23,12.1,120,1014.5,89,5,0,0,0,10
21.4,21.4,20.2,93.26,0,0,0,0,20.5,3.7,111,1014.5,88.7,8.3,0,0,0,10
21,21,20,94.02,0.1,100,0,0,19.8,11.2,115,1014.5,89,5,0,0,0,10
21,21,20,94.02,0.1,100,0,0,18.7,8.5,100,1015,89,5,0,0,0,10
21.1,21.1,20.1,94.05,0,0,0,0,20.9,2.9,115,1015.5,95.1,7.6,3,0,0,10
22,22,20,88.44,0,0,0,0,22.3,16.6,125,1016,69,3.5,61,0.2,1,10
23.5,23.5,20,80.74,0.2,100,0,0,21.6,17.5,130,1016.5,37.5,8,186,0.7,2,10
23.5,23.5,20.6,83.92,0,0,0,0,19.8,8.8,152,1016.5,82.8,10.2,312,1.1,3,10
25,25,20,73.8,0.1,100,0,0,17.6,17.5,150,1016,70,10,342,1.2,3,10
24,24,20,78.35,0.1,100,0,0,16.9,14.8,160,1015,100,10,236,0.8,2,10
24.9,24.9,19.5,72.3,0,0,0,0,18.4,8.9,165,1013.7,98.1,10.2,254,0.9,3,10
25.5,25.5,20,71.63,0,0,0,0,20.5,11.2,135,1013,89,10,191,0.7,2,10
26,26,20,69.55,0,0,0,0,20.2,13.9,125,1013,89,10,150,0.5,2,10
26.1,26.1,19.8,68.31,0,0,0,0,20.2,12.4,158,1013,82.3,10.2,65,0.2,1,10
25,25,20,73.8,0,0,0,0,23,15.7,120,1013,89,10,38,0.1,0,10
25,25,19.5,71.55,0,0,0,0,23.8,12.1,140,1014,69,9.5,3,0,0,10
23.6,23.6,20,80.52,0,0,0,0,21.6,9.2,132,1015,30.1,9.7,0,0,0,10
23,23,20,83.22,0,0,0,0,21.2,14.8,125,1015.5,30,9.5,0,0,0,10
22,22,20,88.44,0,0,0,0,20.2,12.1,125,1016,30,9,0,0,0,10
22.1,22.1,20.1,88.22,0,0,0,0,19.4,6.2,136,1016.2,30.3,9.5,0,0,0,10
22,22,20,88.44,0,0,0,0,19.1,10.3,130,1016,90,6.5,0,0,0,10
22,22,20,88.44,0,0,0,0,18,9.4,120,1016,89,5.5,0,0,0,10
21.9,21.9,20.2,90.49,0,0,0,0,18,6,99,1016.1,95.6,8.6,0,0,0,10
21,21,20,94.02,0,0,0,0,17.6,9.4,110,1016,89,5,0,0,0,10
21,21,20,94.02,0.1,100,0,0,18.7,9.4,105,1015,89,5,0,0,0,10
21.4,21.4,20.1,92.14,0,0,0,0,25.2,5.3,94,1015.2,96.2,7.9,0,0,0,10
21,21,20,94.02,0.4,100,0,0,26.3,5.4,70,1015,88,3,0,0,0,10
21,21,20,94.02,0.7,100,0,0,30.6,9.4,60,1016,88,5,0,0,0,10
20,20,19,93.97,0.2,100,0,0,28.8,3.6,116.5,1017,88,3,2,0,0,10
20,20,19,93.97,0,0,0,0,29.5,13,70,1017,100,5,6,0,0,10
20,20,20,100,0.3,100,0,0,28.8,7.6,60,1018,100,5,16,0.1,0,10
20,20,19,93.97,0.2,100,0,0,29.2,18.4,60,1019,100,3,19,0.1,0,10
20,20,19,93.97,0.2,100,0,0,24.1,16.6,60,1019,100,9,41,0.1,0,10
19,19,19,100,0.6,100,0,0,20.2,18.4,50,1017,100,10,52,0.2,1,10
20,20,19,93.97,0.6,100,0,0,22,16.6,50,1016,100,10,23,0.1,0,10
19,19,19,100,0,0,0,0,22.7,18.4,50,1016,100,10,23,0.1,0,10
19,19,18,93.93,0.1,100,0,0,23.4,18.4,50,1015,100,10,28,0.1,0,10
19,19,18,93.93,0.4,100,0,0,23.4,16.6,50,1015,100,10,11,0,0,10
18,18,17,93.88,0.3,100,0,0,23.8,16.6,60,1015,100,9,5,0,0,10
18,18,17,93.88,0.2,100,0,0,22,16.6,50,1016,100,10,0,0,0,10
18,18,17,93.88,0.1,100,0,0,23,14.8,60,1016,100,10,0,0,0,10
18,18,17,93.88,0,0,0,0,23,14.8,50,1017,88,10,0,0,0,10
18,18,17,93.88,0.3,100,0,0,18,13,50,1017,100,10,0,0,0,10
18,18,16,88.1,0.2,100,0,0,17.6,14.8,50,1017,100,10,0,0,0,10
18,18,16,88.1,0.2,100,0,0,20.5,13,50,1017,100,10,0,0,0,10
18,18,16,88.1,0.1,100,0,0,17.6,7.6,30,1017,100,10,0,0,0,10
18,18,17,93.88,0.2,100,0,0,14.8,3.6,92.2,1017,100,10,0,0,0,10
18,18,16,88.1,0,0,0,0,13,5.4,50,1017,100,8,0,0,0,10
17,17,17,100,0.2,100,0,0,13.7,5.4,10,1017,100,5,0,0,0,10
17,17,16,93.84,0,0,0,0,15.5,7.6,20,1017,100,10,0,0,0,10
17,17,16,93.84,0.1,100,0,0,13.7,9.4,30,1017,100,6,0,0,0,10
17,17,16,93.84,0.5,100,0,0,7.6,7.6,50,1017,100,10,0,0,0,10
17,17,16,93.84,0.5,100,0,0,9.7,9.4,30,1018,100,10,0,0,0,10
17,17,16,93.84,0,0,0,0,11.2,5.4,350,1019,100,4,3,0,0,10
17,17,16,93.84,0.4,100,0,0,11.9,9.4,10,1020,100,10,12,0,0,10
18,18,16,88.1,0.1,100,0,0,12.2,13,30,1020,100,10,23,0.1,0,10
18,18,16,88.1,0.4,100,0,0,9,14.8,30,1020,100,10,30,0.1,0,10
18,18,17,93.88,0.6,100,0,0,8.6,7.6,30,1018,100,6,18,0.1,0,10
17,17,16,93.84,0.5,100,0,0,9.4,11.2,360,1017,100,5,19,0.1,0,10
17,17,16,93.84,0,0,0,0,10.4,7.6,360,1017,100,5,22,0.1,0,10
18,18,17,93.88,0.2,100,0,0,11.5,11.2,10,1016,100,10,21,0.1,0,10
17,17,17,100,0.6,100,0,0,13.3,9.4,20,1016,100,4,10,0,0,10
17,17,17,100,0.9,100,0,0,12.6,9.4,20,1016,100,9,4,0,0,10
17,17,16,93.84,0.6,100,0,0,14,9.4,20,1017,100,9,0,0,0,10
18,18,17,93.88,0.4,100,0,0,12.2,5.4,30,1017,100,10,0,0,0,10
18,18,16,88.1,0,0,0,0,11.9,11.2,30,1018,100,10,0,0,0,10
18,18,17,93.88,0.7,100,0,0,10.4,5.4,360,1018,100,10,0,0,0,10
17,17,17,100,0.3,100,0,0,8.3,5.4,350,1018,100,10,0,0,0,10
17,17,17,100,0.2,100,0,0,7.9,9.4,20,1018,100,10,0,0,0,10
